# SIREN partition table — Heltec LoRa32 V3 (ESP32-S3FN8, 8 MB flash)
#
# Layout matches the Arduino ESP32 default_8MB.csv so that OTA upgrades
# never shift the SPIFFS region offset and wipe persisted data.
#
# WARNING: NEVER change the SPIFFS offset (0x670000) in an OTA image.
# Doing so causes SPIFFS to be reformatted on next boot and ALL persisted
# data (channels, keys, messages, WiFi config) will be lost.
# If the partition table must change, do a full erase + serial flash.
#
# Name,    Type, SubType, Offset,   Size,     Flags
nvs,       data, nvs,     0x9000,   0x5000,
otadata,   data, ota,     0xe000,   0x2000,
app0,      app,  ota_0,   0x10000,  0x330000,
app1,      app,  ota_1,   0x340000, 0x330000,
spiffs,    data, spiffs,  0x670000, 0x190000,
